itemid,name,price,order-in-page,page-number
8254133049,ready stock -20cm Flip Octopus doll TIKTOK TeeTurtle Reversible Bipolar Plushie Stuffed toys Best gifts for Kids,2.01,0,1
11746603869,Montessori Toys Busy Jar Fine Motoric Play Sensory Toys,10.26,1,1
2106291902,üá∏üá¨ 30x30cm Newborn Baby Wash Burb Cloth handkerchief children's day,1.23,2,1
9283365211,"LCD Writing Tablet Child Handwritting/Drawing/Painting Blackboard Erasable Ultra-Thin Pads (4.4""/8.5"")",1.30,3,1
11309827060,"üí•ATM Banküí• Children's Saving ATM Saving box Pig Bank Electronic Gift for Children,With Music",11.90,4,1
4655372833,SG Seller Bundle 1/3/6 Minyak Telon Oil My Baby 8 Hours - Ready Stock in SG,2.95,5,1
13798195078,Viral Toys Lato Lato Toys Old School Toys Games Bola Tek Tek Traditional Viral Latto Latto Ball Toys,1.99,6,1
20743369802,Pop up Funny Mouse and Cheese Block Squeeze Anti-stress Toy Hide and Seek Figures Stress Relief Fidget Toys for Kids Adult,2.15,7,1
4793408289,Educational Posters for Kids Preschool Learning Alphabet Numbers Shapes Colors Laminated Poster Chart,0.99,8,1
20627377724,3 In 1 Baby Montessori Pull String Sensory Toys 0-3Y Silicone Teething Activity Toy for Toddler Finger Grasp Training,9.02,9,1
22922701936,Children's Toys Lato Lato Etek Old School Games Lato Lato Light To Practice Hand Skills and Balance,1.93,10,1
21927325933,Cartoon Bottom Medium Sand Painting DIY Sand Painting Toy Puzzle Hand-painted Kindergarten Birthday Prize,0.73,11,1
16234226268,New Born Bath Towel | Hooded towel | Baby Towel | Kids hooded towel,5.90,12,1
5237319498,Baby Infant Toddler Dummy Pacifier Spring Soother Nipple Clip Chain Holder Strap,0.96,13,1
20143892808,(SG SELLER) 30 x 40 cm European Boho Design Baby Children Childcare Waterproof Organiser Wet Bag Diaper Nappy swimminBag,4.95,14,1
14801942685,üá∏üá¨ [READY STOCK] Dancing Cactus Dencing Cactus Cactus Plush Toy Talk Dancing Toy Song Plush Early Childhood Christmas,7.50,15,1
8814395129,"Baby Kids Bed Fence Vertical Lift Baby Bed Rail Guard Fence for Single, Super Single, Queen and King Bed",11.90,16,1
13781454863,Bright  Home 3D Dinosaur Water Gun for Kids Cute Cartoon Tyrannosaurus Press Water Spray Gun Small Pistol,1.07,17,1
8651811908,baby bath towel childcare (Muslin Gauze Material 60cm*120cm),4.00,18,1
9697900142,Black Color Baby Safety Gate Pet Fence Divider Self Fix Barrier Door for Babies or Pets,12.90,19,1
12138064857,"Cubble Comfy Bamboo Pillow and Pillowcase Small / Medium / Large / XL [4 sizes, 3 Colors]",9.00,20,1
3696203463,ANKOU AirTight Milk Powder Container - Circle (800ml/ 1500ml/ 2000ml),9.90,21,1
10446583708,Sanrio Cute Kuromi Cinnamoroll My Melody Panda Plush Toys Stuffed Dolls Gift For Kids Plush Pendants Cartoon Toys For Kids Wholesale contact customer service Wholesale contact customer service,2.87,22,1
9073158223,[Ts] 3Pcs Baby Educational Toys Soft Bobble Design Tactile Stimulation Safe Spin Sucker Spinning Top Toys for Baby Supplies,8.70,23,1
5286770914,"Ô∏è „ÄêWADLY1314„ÄëPIGEON Wide Neck milk bottle PPSU Bottle botol susu With Peristaltic Nipple ( Mickey )-Ready Stock(160ml/5oz,240ml/8oz)",7.88,24,1
15649075453,Kodomo Baby Fabric Wash Laundry Detergent / Softener,3.50,25,1
2703680627,Baby Story Reading Book Good Night Little Bears Baby Cloth Book,4.84,26,1
3231761651,Fashionfox [Six-layer yarn U-shaped bib] Newborn Bib meal pocket U-shaped baby gauze mouth towel pure cotton,1.07,27,1
6177739591,üá∏üá¨ waterproof diaper changing mat,2.50,28,1
12182352797,üá∏üá¨ 30x30cm Baby Wash Cloth Handkerchief Burp Towel 6 Layer 100% Cotton Muslin,1.39,29,1
19551347748,[HOORAY!] Baby food || Ready-To-Eat,5.50,30,1
1577735303,Philips Avent Natural Bottles 125ml / 260ml / 330ml,11.50,31,1
17576287580,<üá∏üá¨BEST SELLERüî•> Baby Food Puree Icecubes Silicon Storage Tray w/ Lid Infant Kids Children BLW Weanfeed,4.90,32,1
11604954070,üööSG Ready Stock üöö 60pcs Boys and Girls Jigsaw Puzzle Kids Educational toy,2.99,33,1
3960470716,100% Natural Latex Baby Bedding Sleeping Pillow Soft Ergonomic Design Baby Head Neck Guard Cartoon Kids Pillow,5.90,34,1
20372136082,‚òÖMerries SG seller‚òÖ Twin pack sale / Disposable diapers / Japan direct import,35.10,35,1
8984009467,BzuBzu Baby Laundry Detergent & Softener 2-in-1 | Remove Stubborn Stain & Odour | Natural & Organic,4.55,36,1
7021724684,Nestle NAN Optipro 1,39.00,37,1
8055134284,üá∏üá¨ Baby Swaddle / Muslin Wrap / Baby Blanket Cover,3.99,38,1
11536424503,Charnins Diapers Pull Up Pants and Tape Basic Series,15.50,39,1
20437696638,Nino Nana Tape Diapers,19.90,40,1
20425629186,10pcs/20pcs/30pcs Resin Blessing Bag Mini Simulation Mixed Color Children's Food and Play Wine Bottle Diy Handmade Material Bag Mobile Phone Case Making Hair Accessories Cream Glue,1.39,41,1
22614140819,Baby Nasal Aspirator Suction Secretion Sputum,0.94,42,1
13618121030,Cubble Flat Head Prevention Pillow (Organic Bamboo Memory Foam Baby Head Pillow) [Removable Cover available],11.90,43,1
7416569550,"üí•PROMOüí• üî•Hot Sellingüî• LEMON SOAP (Sabun Lemon) , LEMON BALM (for fever) + Garlic balm",6.95,44,1
10486054510,Kodomo Baby Bath and Shampoo,5.70,45,1
16400556322,üá∏üá¨ [READY STOCK] Inflatable baby chair sofa Training Seat Baby Seat Bath Chair,15.90,46,1
21700552937,SG Waterproof Diaper Changing Mat - Portable Cot Menstrual Mattress Protector Pee Pad For Baby Pet Cat Dog,3.80,47,1
20067585940,Peeling & Cutting Food Toy Montessori Educational Toys for Toddler Simulation Fruit Cut Toys for Kids Vegetable Meat Kitchen Cutting Toys Pretend Play Set,1.00,48,1
16187165619,[3 For $10] Muslin Diaper Baby Blankets Newborn Blanket Towel 120cm x 110cm,3.99,49,1
9915537608,[Local Stock/SG seller] 6/8 Six/eight Layers U-shape & Round shape/360 degree cover Muslin baby bib (Minimum order 3),1.60,50,1
2986507880,Big Reversible Flip Octopus Plush Toy Gifts Mood Octo 20cm 40cm for Kids TIKTOK,2.49,51,1
7037060843,[Small] Baa Baa Sheepz Bed-Time Buddy Small Pillow with Stripe Tag (8 Designs),23.00,52,1
12049134259,[Ready Stock] Children Folding Bath Tub Foldable Shower Basin Kids Baby Bathing Bathtub,17.90,53,1
3360572400,Kids Goodie Bag,0.26,54,1
9543311533,164 Pieces Mini Lego City Street View Blocks McDonald's House Model Children's Educational Toys,4.57,55,1
380673235,"Maymom 15, 17, 19, 21, 23, 24, 25, 27, 28, 30, 32mm Wide Neck Flange and Accessories for Spectra",3.00,56,1
10061666176,[SG Seller] Baby Playmat / Yoga Mat / Foldable Protective Mat 1cm/2cm,18.90,57,1
7616568813,"üí•PROMOüí• üî•Hot Sellingüî• GARLIC BALM for Cough, Flu, Phlegm, Nasal congestion. Nasal aspirator",3.00,58,1
1469936753,"üî• BEST SELLER üî• GARLIC BALM for cough , flu and phlegm",2.75,59,1
8540798529,Newborn Baby Visual Stimulation Training Card Early Learning Educational Toys Montessori Black & White & Color Visual Flash Card,3.78,0,2
16777541230,Sterimar Nasal Spray (50ml & 100ml),12.30,1,2
13846789927,[SG Seller] Children's Cape Bath Towel Cartoon Hooded Kid Absorbent Coral Fleece Baby,8.90,2,2
7577134558,Babyganics Toy & Highchair Cleaner - Fragrance Free (17oz),10.90,3,2
8279166908,Cubble Little Bear Ceramic Food Scissors / Stainless Steel Food Scissors with Case and Cover / Safety Lock (3 Colours),7.90,4,2
3018301436,[SG] Disposable Swim Diapers/ Baby Diaper Trunk / 5 Packets / Infant Swimming Diapers Pant / Cloth Waterproof,4.90,5,2
4684703348,[1 Carton] Huggies Platinum Naturemade PANTS,60.00,6,2
5955209648,Drawstring Bag For Party Goodie Bag Gift,0.69,7,2
9182189384,üá∏üá¨ Soft Microfibre Infant Baby Kids Children Bath Towel Quick Dry Good Water Absorbent Towels 70x140cm,3.99,8,2
12390944571,üá∏üá¨ Huggies JB JustBorn Just Born Platinum Naturemade Newborn Premature Baby Carton (KKH NUH SGH Gleneagles),12.58,9,2
18423417656,Cubble Electric Baby Nail Trimmer Set with LED Light (2 Colours) Suitable from 0 Month+ Nail Care Set,8.90,10,2
18140720529,Talking Flash Cards Learning Toys for Age 2 -6| Baby | Montessori educational toys for kids |  Gift | educational toys,5.99,11,2
15849674050,Mama's Choice Seamless Hands Free Pumping Bra | Adjustable Maternity Bra,17.90,12,2
11868917996,üî•SG LOCAL STOCKüî•Baby Automatic Nail Trimmerüî•Safe Baby Nail Clippers Setüî•Painless Kit Toolüî•,7.45,13,2
13832918619,Cubble Bamboo Pillow Medium 19cm x 38cm / Large 25cm x 55 cm (3 Designs) - Perfect Baby Sleeptime Hug Pillow,13.90,14,2
7055566848,[SG Stock] Baby Hooded Coral Fleece Bath Towel Newborn Bath Towel Kids Hooded Shower Towel,7.90,15,2
20738741122,[NEW] Pigeon SofTouch‚Ñ¢ Wide Neck Nipple (2pcs),6.00,16,2
9052447457,[SG] Muslin cotton newborn baby swaddle/blanket/towel,5.90,17,2
13585136351,NEW Baby Literacy Wall Chart Young Children Early Education Wall Stickers Cognitive Wall Chart Baby Enlightenment Silent Card,1.97,18,2
3194112278,ANKOU AirTight Milk Powder Container with Scraper - Rectangle Clear(1000ml/ 1700ml/ 2300ml),15.90,19,2
22225463499,Picnic Baby Baby Food Pouch/Porridge/Macaroni Soup Stock Instant Meal [Halal Certified by Thailand],2.95,20,2
4591806279,(1pack) Looney Tunes Baby Anti Bacterial Wet Wipes GoCHEEP,0.99,21,2
11809027205,Toddler Busy Board - Montessori Sensory Activity Board  for Toddler  Age 2 to 4 Early Development | Christmas Gift,5.99,22,2
21728941301,üåà Local ShipüåàWater Beads Soaking Expanding Crystal Beads Children's Decompression Toys Watercolor Orbeez,0.79,23,2
13583595886,Mama's Choice Baby Hair Vitamin Lotion with Organic Aloe Vera and Chamomile | Alcohol-free | Paraben-free,16.90,24,2
3547578049,"[Bundle DEAL] Dumex Dugro Stage 3/4/5 850g - Original, Honey, Chocolate",21.90,25,2
9148633693,[Einmilk] Baby Wet Wipes 100 pcs x10 packs For Baby with Festive Version,13.90,26,2
14178927690,30x30cm Newborn Baby Washcloth | Burp Cloth | Handkerchief,0.90,27,2
9945558443,"BzuBzu Silky Soft Kids Shampoo and Conditioner Bundle Deal, 600ml | Tear-Free | Designed for Frizzy & Fragile Hair",11.10,28,2
6361631895,Autumnz Eastman Tritan Flip Top Children Straw Bottle (300ml / 500ml / 650ml) 9m+ BPA FREE - SUPERBRAND AWARD,6.90,29,2
12605782821,Cetaphil Baby Gentle Wash and Shampoo / Daily Lotion (With Shea Butter) 400ML,14.20,30,2
6266640512,Mama's Choice Flat Head Prevention Pillow (Head shaping organic memory foam baby and infant pillow),12.90,31,2
5620656637,30pcs 100ml 200ml Breastmilk Breast milk storage bags with Spout Double zipper Sir Whiston,4.97,32,2
3917505670,Pigeon Baby Wet Wipes 100% Pure Water 80pcs - Baby Kingdom,34.95,33,2
2296011465,Enfagrow Pro A+Stage 3/4/5 1.8kg | Made in Netherlands for Singapore,49.00,34,2
2886539500,üá∏üá¨ wet bag diaper bag nappy bag waterproof 30x36cm double zip,1.80,35,2
10854259685,S26 Gold Progress (Stage 3) / Gold Promise (Stage 4) 1.8Kg Box [Made In Singapore],43.90,36,2
5632796908,"Mama's Choice Stretch Mark Cream (Safe, halal and natural skincare for pregnancy)",18.90,37,2
21961222555,"26 Alphabet Plush Toy, Alphabets Alphabet Lore Stuffed Doll Preschool Educational English ABC Letter Toy for Kids Children A-Z Christmas Gifts",0.92,38,2
17280990308,ins trend small fresh children's cartoon stickers waterproof durable washable baby stickers cute watch spaceman princess watermark stickers,1.30,39,2
7347494112,"Enfagrow A+ Stage 3/ Stage 4, 1.74Kg /2.32Kg/ 3.48Kg REFILL Pack [Import From Malaysia]",46.90,40,2
8233894936,[SG LOCAL STOCK] Children Feeding Drinking Water Bottle Kids Bottle with Straw Long Strap Avenger Frozen Pony McQueen,5.43,41,2
6458905602,[SG Stocks] Muslin Bamboo Cotton Baby Wrap Newborn Swaddle Blanket Cover Bath Towel Super Soft,5.70,42,2
8242356121,Cetaphil Baby Calendula Range (Single or Set),11.20,43,2
18341523821,üèÖ„ÄêUltra Soft Organic Baby Bamboo Pillow „ÄëBamboo Baby Pillows for better Sleeping#Breathable Child First Pillow#HugPillow,14.99,44,2
7744629960,[Local Seller/ SG Stock] Triangle Baby Bibs with Cartoon Design 100% Cotton [Minimum Order 4],1.05,45,2
21728293417,DIY Math Exercise Student Addition/subtraction/multiplication Test Stamp Scrollable with Ink 10ml Educational Math Toys,3.60,46,2
10672977911,Children's Decompression Deformation Robot Toy Variety Fingertip Finger Mechanical Gyro Decompression Toy,1.62,47,2
19720191153,GOOSEKET Toddler Sling / Cotton Baby Hip Seat Carrier / 11 Color,73.44,48,2
20430069464,„ÄêSPOT„ÄëChildren's dart ball game toys | Puzzle cloth sticky dart board toy educational game dart throwing indoor sports toys parent-child interactive toys,2.24,49,2
2025809512,2.5CM Thickness Play mat 60*60cm Puzzle Mat Playmat,4.45,50,2
1956510974,2 Pack/ Set Stroller Hanging Bag Baby Stroller Hook 360 Degree Rotating Hook,4.27,51,2
10840817032,[AMAZING AMMAR] Hair & Scalp Oil (suitable for baby and kids),17.90,52,2
19140074997,Ultra Soft Gauze 360 Bib | 100% Pure Cotton newborn bib | 2 adjustable button | 0-2 Year Old,4.30,53,2
1540859284,üá∏üá¨ baby stroller baby pram rain cover can use as dust cover,6.66,54,2
23601962019,„Äê SG in stock „ÄëMini Cute 10Pcs/80Pcs Design Baby Wet Wipes Soft Wet Tissue Wipes For Kids School Use wet toilet wipes,0.25,55,2
7017331975,Sambucol Black Elderberry - Kids/Baby/Immuno Forte/Original/Extra Defence /Immunped / Lactogg,10.90,56,2
2908042390,1.8Kg Similac Gain Kid & Gain Plus (Tin/Refill),45.30,57,2
5562128223,"[‚úÖSG Ready Stock] 8.5 inch / 12 inch LCD Pad Writing Tablet For kids,Kids Drawing Pad Portable Electronic Tablet Board",3.98,58,2
11300068092,[Big & Thicker] 10 Packs/Carton Wet Tissues 800 Sheets Baby Wet Wipes Unscented Wipe 100% Chlorine Free Wet Tissue,13.90,59,2
5467703313,Baby Microfiber WashCloths Face Towel Handkerchief Saliva Towel 20x20cm 30x30cm Absorbent,9.90,0,3
14093939898,Breast Milk Storage Bags with Pour Spout (210ML/7oz) | Double Ziplock Pre-sterilized Breastmilk Storage Bags |MUMCHECKED,0.34,1,3
4955366816,"(850g Bundle) Dumex Dugro Stage 3/4/5 - Original, Honey & Chocolate Flavour",20.90,2,3
21955167222,[Ready Stock]Magic Water Coloring Book Watercolour Book For Children Day Birthday Party Goodie Bag Children Gift,1.16,3,3
23605400592,[SG READY STOCK] 10Pcs/Pack Baby Kid Disposable Bib,2.10,4,3
4513952423,"üí• 60cm x 120cm baby cot fitted sheet, childcare mattress sheet",10.75,5,3
173233099,1.6Kg PEDIASURE (1~10 years) / 850g PEDIASURE (10+),38.50,6,3
11037127036,Children Wooden Puzzle Toy  Birthday Gift Educational Goodie Bag,0.89,7,3
5044426612,Bamboo Dragonfly with light Shooting Rocket Flying parachute Sky UFO Outdoor Night Game toy for kid children,0.86,8,3
1515303086,MERRIES Giant pack  Tape & Pants Diaper - 2023 New Version,35.50,9,3
14149076411,"Kodomo Cleanser for Baby Bottles and Accessories, 750ml Bottle / 700ml Refill",8.50,10,3
11002621062,‚ò∫ Ca> 3Pcs/Set Baby Pacifier Clips Pacifier Chain Dummy Clip Nipple Holder For Nipples,2.66,11,3
3837155569,[Jumbo] Baa Baa Sheepz Bed-Time Buddy Jumbo Pillow with Tag (8 Designs),43.00,12,3
15338862268,9 Pieces Montessori Children's Wooden Puzzle Grasp Board,0.88,13,3
20720231193,(Lil' Curators) 5/10 Pcs Transparent Corner Guard | Child Proof Table & Edge | Baby Safety Protection | Anti Collision,3.99,14,3
2908225533,PEDIASURE 1.6Kg/ 1.8kg (1-10 years) - Vanilla/Plain/Chocolate,57.50,15,3
9252911949,Magic Water Coloring Book For Children Day Birthday Party Goodie Bag,1.20,16,3
1281525470,"Spectra flange 24, 28, 32mm Breastpump Accessories, maymom flange 15-32mm for Spectra and maymom",3.80,17,3
6149579084,[120pc] Ïú†ÎãàÎßò Unimom KOREA Premium BPA Free Breast milk storage bag with Thermal Sensor | Big Size |  Food Grade &,3.99,18,3
15630648886,"[SG Stock][4.4"" - 16""] LCD Writing Pad Writing Tablet For Kids Drawing Pad Portable Electronic Tablet Board",2.90,19,3
20948837869,Wel-B Assorted Vitamin-Rich Freeze-Dried Fruits Snack,1.99,20,3
4928987005,Mustela 750ml Gentle Cleansing Gel Hair and Body Wash (exp 04/2025),30.21,21,3
4222218590,"BioGaia Protectis Baby Probiotics Drops, 5ml/10ml (Vit D) / Lactogg",19.90,22,3
11066810510,Cubble Comfy Pillow Replacement Case Medium 19x35cm (Fits Pillow 19-20 x 35-38 cm) 3 Colors - Bamboo Baby Pillow Cover,9.90,23,3
21906228775,Cetaphil Baby Gentle Wash and Shampoo I Daily Lotion (With Shea Butter) 400ML | Baby Massage Oil 200ml [Baebear.sg],11.39,24,3
15067454253,Baby Toilet Training Pants 6Layers 100% Cotton Rewashable Diapers,2.40,25,3
12295706113,Sterimar Nasal Spray for baby Breathe Easy Nasal Hygiene Blocked Nose Congestion Relief 100ml,22.50,26,3
17068922088,Cubble 2-in-1 Baby Swaddle and Sleeping Bag Baby Sleepsack 0-3M / 3-12M (9 Designs) / Love to Dream,15.50,27,3
4595470085,üá∏üá¨ 30x30cm Newborn Baby Washcloth | Burp Cloth | Handkerchief,1.50,28,3
11240233111,"[HOT SALE]üíì2PCS/Set Strong  Door Closer Cabinet Catch Latch Cupboard Ultra Thin Closer lock, Invisible Strong Door Stopper",1.07,29,3
749590880,Jeju Wet Wipes 10packs (800pcs) | Refill type(no hard cap) | MFD date : Mar. 2023,20.20,30,3
9345566203,"BzuBzu Happy Kids Body Wash Bundle Deal, 600ml | Designed for Sensitive Skin",10.45,31,3
7335073137,(5.5 SALE) (0 to 6 months) Baby Swaddle Bamboo Sleeping Bag Swaddle Zip Sleep Bag Newborn Swaddle,13.50,32,3
10926028693,Animal Toys Compatible Duplo Lego Building Blocks Educational Toys for Kids Dinosaur Toys for kids Lego blocks Whale Birthday gift for kids Building Block toys for toddler Animal Toy,0.99,33,3
12747835362,Wooden Peg Board Early Learning Wooden Toys Geometric Shapes Children Cartoon Animal Kids Baby Hand Grasp Jigsaw Puzzle,3.90,34,3
10586535483,[SG üá∏üá¨ Ready Stock] Cute Mini Wet Wipes Small Wet Tissue Baby Wet Wipes Travel Wipes Wet Birthday Goodie Bag Baby Wipes,2.60,35,3
3806456686,WelB Freeze Dried Fruits in pack of 6 - Strawberry/ Strawberry Banana/ Apple/ Peach / Sweet Corn,14.00,36,3
21803477535,Biomom Baby Food Feeder & Teether (8 Colours),3.90,37,3
20739280770,Cubble Baby Bamboo Swaddle and Sleeping Bag - Arms Up Position Baby Sleepsack 0-3M/3-6M (6 Designs),14.50,38,3
19962867361,üíï 4 PACKS DEAL üíï MERRIES Disposable Diaper - Tape & Pants - GIANT Packs,69.90,39,3
12870638424,Disney Princess  Children Nail Sticker nail decoration,0.59,40,3
2878153412,"Philips Avent Ultra Air Soother/Pacifier 0-6m, 6-18m, 18m+, 2pcs",10.50,41,3
6758944665,[Carton DEAL 4 Packs] MamyPoko Extra Dry Super Jumpo Pack / Tape & Pants,30.40,42,3
15325600019,üá∏üá¨ Baby Muslin Swaddle / Muslin Wrap / Baby Blanket Cover,4.39,43,3
2285912073,üèÖ„ÄêBaby  Organic Bean Sprout Husk Pillow„Äë Beansprout Pillow Baby pillow#100% handmade in Singapore#Better Sleep Baby Hug,14.90,44,3
288973396,60 x 60cm  Puzzle EVA Play Mat/Kids Baby Playmats,2.55,45,3
16332295418,[Local SG stock] Kids Flashcard in box with Ring,1.00,46,3
6231741890,‚ù§8070‚ù§ Goodie Bag‚ù§Game/Toy‚òÖBirthday/children‚Äôs day gift,0.23,47,3
18537806371,Nino Nana Diaper Pants - M (6-11 kg) | L (9-14 kg) | XL (12-18 kg) | XXL (15-23 kg),19.90,48,3
799076902,üî•Ready Stocküî• KidzParadize Kidz Paradize KP Organic Natural Baby Balms Rubs Roll Ons Blends Essential Oils,7.00,49,3
11520397262,Suction Cup Spinning Toy Baby Bath Toy Fun dining table and chair children's fingertip spinning top,2.37,50,3
159936426,[Bundle of 3] Pureen Liquid Cleanser No Flavour 750ml and 2x600ml Bundle Sale,14.80,51,3
3915613023,INSTOCK [Shopee No.1 Baby Wipes] Oldam Ïò¨Îã¥ Baby wet wipes Korea wipes For baby sensitive skin,19.90,52,3
4740486472,Autumnz Breast Milk Wide Neck Storage Bottles (5oz/150ml) / (7oz/210ml) (SUPERBRAND AWARD),10.80,53,3
20168826671,[Ready Stock] 2 Pack/Cartons Charnins Baby Diaper Pull Up Pants and Tape for Baby diaper,18.50,54,3
6230440472,Legendairy Milk Sunflower Lecithin Organic 200 caps,49.90,55,3
942816145,poyoko baby bath towel childcare 100% cotton towel 50*100cm,4.50,56,3
9615265938,üá∏üá¨ (3 SIZES) Wet Bag / Diaper Bag / Waterproof Wet Bag / Nappy Bag,2.90,57,3
3114550562,Goodie Bag/ Stationary/ Party Pack/ Wallet stationary / Paw Patrol / Unicorn,1.19,58,3
20062942588,Pregnancy Test Kit,2.50,59,3
